featureid	rab.all	rab.win.Trt1	rab.win.Trt5	diff.btw	diff.win	effect	overlap	we.ep	we.eBH	wi.ep	wi.eBH
#q2:types	numeric	numeric	numeric	numeric	numeric	numeric	numeric	numeric	numeric	numeric	numeric
Methanomethylophilaceae|898c387af1af6f5578d717b5d09aa6e2	-0.0244282033456886	-0.966565042096792	0.266587971289301	1.62000151856158	1.01562059689965	1.59789235686681	0.00394539012341145	0.0225047517093385	0.0810273083905568	0.0350446428571429	0.0991301729024943
Methanomethylophilaceae_uncl|9af52a9758c50a5a0cdfc9eb06d55d6f	1.96269753607355	0.367296494892085	2.71248629946243	2.34113013141354	0.87087948597489	2.62117914098709	0.00027407495720991	0.00503547856617388	0.0332257743612378	0.0285714285714286	0.0854464285714286
Methanobacteriaceae|a86a104c488483155f1a146cb2454b8f	-0.277299749959377	-2.08370578537951	0.484519776537483	2.46289695799728	0.687344959073975	3.52287957812121	0.00027407495720991	0.00243488066158148	0.0212214538189649	0.0285714285714286	0.0854464285714286
Methanobacteriaceae_uncl|442791b78062a54bbb568e4b24fe2e6f	-0.416910786169729	-0.86818488106774	1.05785518763739	1.90331799446197	1.03052360795578	1.86990302138641	0.0116864462584882	0.0121290870387989	0.0570975757549466	0.0316964285714286	0.0910119047619048
Methanobrevibacter_wolinii|b43f853c5e314c86eedefe7670431b80	-0.0551300891117386	2.2344337729933	-8.39889034118792	-10.5311840268783	3.82053268239137	-2.62729328465253	0.00027407495720991	0.0205277171199917	0.0739312092605651	0.0285714285714286	0.0854464285714286
Methanimicrococcus|8af9eba213f5152a205582125bf8fa4a	0.980556647783542	0.312339115769181	2.36094378909617	1.78962171809576	0.879074662496441	1.93543459208731	0.00783249624898957	0.0242596147909098	0.084007031820408	0.0301339285714286	0.0879134778911565
Methanobrevibacter_wolinii|80e76fce75cdd45abb462b692c741f77	1.15723110987374	3.1174954969549	-1.71469052703368	-4.83662934728762	0.439023253137439	-11.1611864662362	0.00027407495720991	9.53746718495365e-05	0.00203767231028487	0.0285714285714286	0.0854464285714286
