featureid	rab.all	rab.win.Trt1	rab.win.Trt3	diff.btw	diff.win	effect	overlap	we.ep	we.eBH	wi.ep	wi.eBH
#q2:types	numeric	numeric	numeric	numeric	numeric	numeric	numeric	numeric	numeric	numeric	numeric
Methanomethylophilaceae|898c387af1af6f5578d717b5d09aa6e2	2.08084117300458	1.24180830154773	2.31112018420513	1.30410937473982	1.17010897961477	1.06974247502645	0.148437721033501	0.0100647428572865	0.0550001923514288	0.0212400446775447	0.0877281323824884
Methanomethylophilaceae_uncl|9af52a9758c50a5a0cdfc9eb06d55d6f	3.08856929081942	2.05709085596898	3.82415818113055	1.55989689917249	0.94556001906582	1.64070545203463	0.0429696331832703	0.000362011010573666	0.00585561303122226	0.00109387140637141	0.0106995435120435
Methanomicrobium|37c03b396436fff90b9707c1892c3990	5.46895651515769	4.40256570121375	5.68689750174964	1.30669000766923	1.633610268217	0.803621977845453	0.216797007552489	0.0260684929901184	0.0978294659339145	0.0682182400932401	0.190859441873664
Methanomethylophilaceae_uncl|d2f4c2e460ea27e6b4b45e72bd385f51	0.934275469188208	0.517863256676291	1.48557056020551	1.02049614222033	0.532940420925324	1.83088397549159	0.0233934640071253	0.000355052958341119	0.00554120752754261	0.000723581973581974	0.0078525641025641
Methanomethylophilaceae_uncl|8b4b094482e24d7425ab5d6c972aab4c	-0.0782655074967216	-1.60183017174754	1.13679876267271	2.78588678533024	4.40902246851715	1.53020883845439	0.000137056276785441	0.0152916022667997	0.0700700316044778	0.000155400155400155	0.00346170033670034
Methanomethylophilaceae_uncl|c795ee00534258677d0fb6e390f08c1d	-2.90073480080283	-2.14371230326742	-6.40300963305272	-4.39570561478913	4.40103737763455	-1.02183491194205	0.152046997270756	0.0104757814878784	0.0554973513696226	0.0252840909090909	0.106751489251489
Candidatus_Methanomethylophilus_uncl|7f9f3dfd00171d3cdbbb43e99571f427	1.32174341591387	0.534991546205361	1.6968722013737	1.02778727298876	0.774523792616288	1.24563094077233	0.109162111532595	0.00485602510801347	0.0359512958103576	0.0093482905982906	0.0535545357420357
