featureid	rab.all	rab.win.Trt1	rab.win.Trt5	diff.btw	diff.win	effect	overlap	we.ep	we.eBH	wi.ep	wi.eBH
#q2:types	numeric	numeric	numeric	numeric	numeric	numeric	numeric	numeric	numeric	numeric	numeric
Methanobacteriaceae|a86a104c488483155f1a146cb2454b8f	-0.0922960890977107	-1.41335555726637	0.770075588973562	2.43264186292137	1.69244769585761	1.35601255014029	0.0194951667882422	0.0202240607272955	0.0991024244360307	0.000354506604506604	0.00282634032634033
Methanobacteriaceae_uncl|442791b78062a54bbb568e4b24fe2e6f	0.363677424184952	-0.456041324625431	1.03507568525368	1.46735898837927	1.43196888136442	1.09597719934883	0.0760238696131312	0.00703016972292789	0.0499664270920883	0.00643696581196581	0.0373601398601399
Methanobrevibacter_wolinii|b43f853c5e314c86eedefe7670431b80	1.14770937089091	2.94131777735077	-2.47030918346745	-5.54062655133325	2.85866591400401	-1.95000986279758	0.000137056276785441	0.00132807945941838	0.013638602035743	0.000155400155400155	0.00160742035742036
Methanobrevibacter_wolinii|80e76fce75cdd45abb462b692c741f77	1.87902768476078	3.93147184534526	-1.43776169066078	-5.25888269054308	1.68659242227627	-2.96903259199777	0.000137056276785441	7.61132351753307e-07	1.82671764420794e-05	0.000155400155400155	0.00160742035742036
