featureid	rab.all	rab.win.Trt1	rab.win.Trt4	diff.btw	diff.win	effect	overlap	we.ep	we.eBH	wi.ep	wi.eBH
#q2:types	numeric	numeric	numeric	numeric	numeric	numeric	numeric	numeric	numeric	numeric	numeric
Methanobacteriaceae|a86a104c488483155f1a146cb2454b8f	-0.992796151313526	-2.24303158545011	-0.371184549799569	1.76694060338838	0.791382610676266	2.07086837171265	0.0156349870380704	0.00861267075197939	0.0566239226120692	0.0328125	0.121996173469388
Methanobacteriaceae_uncl|442791b78062a54bbb568e4b24fe2e6f	-0.39663428924435	-1.04600899389091	-0.0737482476562978	1.01466694388494	0.45810022155437	2.15536144473775	0.0039300390166358	0.0190774621324463	0.0892465551871392	0.0316964285714286	0.120639880952381
Methanobrevibacter_wolinii|b43f853c5e314c86eedefe7670431b80	1.38468033633536	2.2442568772187	0.687280607714391	-1.4954865575075	0.276578943121211	-4.29780446492282	0.00027407495720991	0.00452682041114745	0.043581728561309	0.0287946428571429	0.11500425170068
Methanobrevibacter_wolinii|80e76fce75cdd45abb462b692c741f77	2.35669158176942	3.11878416524857	1.62009927462529	-1.47729067931685	0.255194803363368	-4.77524344398245	0.0039300390166358	0.00381860814969778	0.0429338398874857	0.0287946428571429	0.11500425170068
