featureid	rab.all	rab.win.Trt1	rab.win.Trt2	diff.btw	diff.win	effect	overlap	we.ep	we.eBH	wi.ep	wi.eBH
#q2:types	numeric	numeric	numeric	numeric	numeric	numeric	numeric	numeric	numeric	numeric	numeric
Rikenellaceae_RC9_gut_gr_u_r|81ffeaa319d4a3683d32a739093dab80	1.48516417712937	-1.30276818781081	3.35201324812298	5.25078357078495	4.04287304925989	1.57146600171307	0.000137056276785441	0.00388229716163209	0.0360816533673983	0.000156614219114219	0.00222695707070707
F082_u_r|ea7595bee6c1b82981459b8f86f9c125	5.80828324291147	6.23369669409598	5.25508254960342	-1.09867024733202	0.959830275826877	-1.08308368895784	0.101562847017467	0.00702013908442231	0.0517715224873559	0.0105684246309246	0.0692446225649351
F082_u_r|77187fc5bcbdc5af239a6fef481430b2	6.75381549599024	7.22699909950613	6.22474944890685	-1.15856215210223	0.977062887580276	-1.07805765665167	0.109162111532595	0.00612411196858067	0.0502976091794448	0.00829933954933955	0.058510946518759
Prevotella_u_r|30d01f6e414133dbea2c154c0291625f	0.70530742608451	-2.99674106276135	3.09092834116894	5.97336108373752	3.12194336606109	2.11222400131726	0.000137056276785441	0.00125298778249163	0.0159946533956719	0.000155400155400155	0.00221906565656566
Rikenellaceae_RC9_gut_gr|01fe362d9a20df796e9502d11a75a3c8	0.444582732672603	-5.30069281029991	2.29139043829572	7.49292461815477	3.73208085478062	1.83236548848092	0.00390865404955307	0.00114455129378217	0.0169246555997422	0.000197892385392385	0.00255050505050505
