featureid	rab.all	rab.win.Trt1	rab.win.Trt4	diff.btw	diff.win	effect	overlap	we.ep	we.eBH	wi.ep	wi.eBH
#q2:types	numeric	numeric	numeric	numeric	numeric	numeric	numeric	numeric	numeric	numeric	numeric
Methanomethylophilaceae_uncl|9af52a9758c50a5a0cdfc9eb06d55d6f	1.92600692362604	0.763204348248324	3.121449420092	2.0537993417054	2.14910974357242	0.974931817200803	0.136452485954291	0.0143337220616106	0.0924784331566315	0.0171134421134421	0.0862878383190883
Methanobrevibacter_wolinii|b43f853c5e314c86eedefe7670431b80	1.88026075841992	2.40545942226936	0.567674898397123	-1.78888449579319	1.99425514458833	-0.874509815780315	0.136452485954291	0.0212273766669667	0.0935180687921836	0.013986013986014	0.0831118996743997
Methanobrevibacter_uncl|e3d026061d084107a6d9c7abafa067cb	0.086158482547579	0.660383117850627	-0.592124452007006	-1.1852563009167	1.27241403977488	-0.982142360471794	0.152343963954536	0.015398839000018	0.0928860872551603	0.0224747474747475	0.0965516572547822
Methanobrevibacter_wolinii|80e76fce75cdd45abb462b692c741f77	2.83909281519481	3.44000332529797	1.46982519261376	-1.88327952055675	1.91991114215097	-0.94875001540787	0.138672115414159	0.0186798932040808	0.0933088456841121	0.0145881895881896	0.0826866478428978
