featureid	rab.all	rab.win.Trt1	rab.win.Trt4	diff.btw	diff.win	effect	overlap	we.ep	we.eBH	wi.ep	wi.eBH
#q2:types	numeric	numeric	numeric	numeric	numeric	numeric	numeric	numeric	numeric	numeric	numeric
Methanomethylophilaceae_uncl|d2f4c2e460ea27e6b4b45e72bd385f51	1.88139453976587	0.806400531792915	2.64503047806038	1.77367114216091	1.14828460872796	1.47761541127884	0.0662773579261915	0.00130000149637357	0.0337163451932229	0.0021246114996115	0.0522669604700855
