featureid	rab.all	rab.win.Trt1	rab.win.Trt5	diff.btw	diff.win	effect	overlap	we.ep	we.eBH	wi.ep	wi.eBH
#q2:types	numeric	numeric	numeric	numeric	numeric	numeric	numeric	numeric	numeric	numeric	numeric
Prevotella_u_r|30d01f6e414133dbea2c154c0291625f	-1.99382757580775	-5.45412413161952	3.41838337010073	8.73745454255797	2.74921762875902	3.19414779648408	0.000156632676208107	0.000163823983383723	0.00655295933534893	0.000310800310800311	0.010538073038073
