featureid	rab.all	rab.win.Trt1	rab.win.Trt3	diff.btw	diff.win	effect	overlap	we.ep	we.eBH	wi.ep	wi.eBH
#q2:types	numeric	numeric	numeric	numeric	numeric	numeric	numeric	numeric	numeric	numeric	numeric
Lactobacillus_mucosae|85870f9c9d8561d496c865a3b52b5d02	2.93701157334455	1.92384715375353	4.54950218461497	2.74983041998982	1.42798544958842	1.86762823497557	0.00197273405648325	0.000135875713394346	0.00720141280990031	0.000182109557109557	0.00176091847966848
Lactobacillus_mucosae|de8d04f3bc8e1e86c55677ca89aa8f90	2.42698432976659	1.31445249064494	4.02966401350765	3.28812615467278	2.79304908135991	1.23696962364622	0.00196888864670557	0.0117138487760285	0.0994603896626946	0.000176039238539239	0.00172016640766641
